{"val_acc": [0.9755182972097031, 0.9761815200437671, 0.9772207363727939, 0.9775497353358943, 0.9777429583732674, 0.9768969593107112, 0.9769961818546108, 0.9765992966094922, 0.9763747372355335, 0.9764165143019425], "loss": [0.08339026503574469, 0.06750017067886403, 0.0635674651365494, 0.060687960837611375, 0.05860142540911531, 0.05718779633976246, 0.05589425498012101, 0.05514997738520495, 0.05399822266038747, 0.0534396791409734], "val_loss": [0.07964822836716347, 0.0780950811302449, 0.06875755560962118, 0.07263408876405733, 0.07101559301582358, 0.07029047284112462, 0.07262600251575184, 0.07341405206723085, 0.08831916126338979, 0.0781218664705772], "acc": [0.9731243821682171, 0.9773505829312474, 0.978302358359541, 0.9790230451568801, 0.9794969736106595, 0.9800348777164977, 0.9805649494537623, 0.9804618046973562, 0.9809435680410561, 0.981320884615928]}